a_mean,b_mean,g_mean,a_std,b_std,g_std,critical_review_fee,contructive_review_fee,submission_fee,number_of_reviews,zero_review_paper_rate,zero_review_scholar_rate,avg_attractive_0_review_paper,avg_attractive_all_paper,avg_quality_0_review_paper,avg_quality_all_paper,2014-0.1,2014-0.2,2014-0.3,2014-0.4,2015-0.1,2015-0.2,2015-0.3,2015-0.4,2016-0.1,2016-0.2,2016-0.3,2016-0.4,2017-0.1,2017-0.2,2017-0.3,2017-0.4,2018-0.1,2018-0.2,2018-0.3,2018-0.4
0.003,0.01,0.003,0.0001,0.0003,0.0005,5,5,20,7143,0.002,0.095,0.065401,0.183393,0.12255,0.329292,0.9702,0.994,0.9747,0.8977,0.9878,0.9841,0.8888,0.7682,0.9881,0.9597,0.8043,0.7079,0.9931,0.8866,0.71,0.6158,0.9873,0.8528,0.7341,0.6651
