a_mean,b_mean,g_mean,a_std,b_std,g_std,critical_review_fee,contructive_review_fee,submission_fee,number_of_reviews,zero_review_paper_rate,zero_review_scholar_rate,avg_attractive_0_review_paper,avg_attractive_all_paper,avg_quality_0_review_paper,avg_quality_all_paper,2014-0.1,2014-0.2,2014-0.3,2014-0.4,2015-0.1,2015-0.2,2015-0.3,2015-0.4,2016-0.1,2016-0.2,2016-0.3,2016-0.4,2017-0.1,2017-0.2,2017-0.3,2017-0.4,2018-0.1,2018-0.2,2018-0.3,2018-0.4
0.003,0.003,0.003,0.0001,0.0003,0.0005,5,5,20,4439,0.054,0.222667,0.225627,0.183393,0.527443,0.329292,0.7551,0.8014,0.8956,0.9582,0.7857,0.8772,0.9694,0.9486,0.9059,0.9712,0.9726,0.8856,0.8475,0.9356,0.98,0.8967,0.8991,0.9695,0.9458,0.8717
